Scientific Name,Common Name,Genus,Pretreatment,Germination Instructions,Progress Status,Sowing Date,Germination Date,Quantity,Notes,Image Link,Growth Rate,Mature Height,Mature Width,Foliage Description,Flower Info,Flowering Time,Soil Preference,Frost Tolerance,Drought Tolerance,Conservation Status,Conservation Locale
"Acacia podalyriifolia","Queensland Silver Wattle","Acacia","Scarification (Hot Water)","Sow in well-drained native seed-raising mix, cover lightly. Keep moist in warm position (18\text{--}25^\circ\text{C}). Germination in 2\text{--}4\text{ weeks}.","Unstarted","N/A","N/A","1 packet","Popular ornamental. Quick growing. Beautiful silver foliage.","https://www.gardenia.net/wp-content/uploads/2023/05/acacia-podalyriifolia-780x520.webp","Fast","3m - 6m","3m - 5m","Silvery-grey velvet obovate phyllodes.","Bright golden yellow ball clusters.","Winter (Jun - Aug)","Dry, sandy loam, extremely well-drained","Moderate (-7°C)","High","Least Concern","QLD / NSW"
"Acacia denticulosa","Sandpaper Wattle","Acacia","Scarification (Hot Water)","Sow in sandy loam, cover to seed depth. Place in warm, sheltered spot. Germination in 3\text{--}6\text{ weeks}.","Germinated","N/A","N/A","1 packet","Distinctive rough leaf texture.","https://upload.wikimedia.org/wikipedia/commons/4/45/Acacia_denticulosa.jpg","Moderate","1m - 4m","1m - 3m","Dark green rough sandpaper-like texture, wavy leaf ribs.","Golden yellow rods, curved.","Spring (Sep - Nov)","Gravelly clay loam, granite sand","Moderate (-5°C)","High","Vulnerable","WA"
"Acacia vestita","Weeping Wattle / Hairy Wattle","Acacia","Scarification (Hot Water)","Sow in a free-draining mix. Keep damp. Germinates in 2\text{--}5\text{ weeks}.","Planted","N/A","N/A","1 packet","Graceful weeping habit.","https://encrypted-tbn0.gstatic.com/images?q=tbn:ANd9GcRS9coHct7XeSP79-i0hakGufvADTnbSZNrTw&s","Fast","3m - 6m","3m - 5m","Silvery-green small hairy phyllodes.","Abundant pale yellow globes.","Spring (Sep - Nov)","Adaptable, thrives in moist clay loam","High (-8°C)","High","Least Concern","NSW / VIC"
"Acacia rigens","Needle Wattle / Nealie","Acacia","Scarification (Hot Water)","Sow in sandy loam, cover seed depth. Germinates in 3\text{--}10\text{ weeks}.","Unstarted","N/A","N/A","1 packet","Very tough and highly drought-resistant.","https://apps.lucidcentral.org/wattle/images/entities/acacia_rigens/r0011374_3.jpg","Moderate","1m - 3m","1.5m - 3m","Rigid, sharp needle-like grey-green leaves.","Bright yellow globes along branches.","Spring (Aug - Nov)","Red sand, sandy clay, calcareous mallee","Moderate (-5°C)","High","Least Concern","Inland Australia"
"Acacia inaequilatera","Camel Bush / Ranji Bush","Acacia","Scarification (Hot Water)","Sow in sandy red native mix. Germination in 2\text{--}6\text{ weeks}.","Unstarted","N/A","N/A","1 packet","Very thick corky bark. Desert native.","https://apps.lucidcentral.org/wattle/images/entities/acacia_inaequilatera/dsc_21827_3.jpg","Slow to Moderate","2m - 5m","2m - 4m","Leathery asymmetrical blue-grey spinose leaves.","Golden globular heads on purple stalks.","Winter (May - Aug)","Skeletal rocky soils, stony hillsides","Low (-2°C)","Extremely High","Least Concern","WA / NT / SA"
"Acacia pendula","Weeping Myall / Boree","Acacia","Scarification (Hot Water)","Sow in standard free-draining loam. Germinates in 2\text{--}5\text{ weeks}.","Germinated","N/A","N/A","1 packet","Long-lived inland tree species.","https://encrypted-tbn0.gstatic.com/images?q=tbn:ANd9GcRYn9OSvlz_WtJVWoKFkElGA238bBL1p3WpYQ&s","Slow","5m - 12m","4m - 8m","Weeping glaucous silver-grey ribbons.","Sparse pale yellow small globes.","Summer (Dec - Feb)","Heavy clay, alluvial plains, grey clay loams","High (-8°C)","Extremely High","Least Concern","Inland Eastern Aus"
"Acacia glaucoptera","Flat Wattle / Clay Wattle","Acacia","Scarification (Hot Water)","Sow in highly porous sand-gritty mix. Sensitive to damping-off; do not overwater. Germinates in 3\text{--}6\text{ weeks}.","Germinated","N/A","N/A","1 packet","Bizarre flat leaves directly connected to stem.","https://www.plantsforspaces.com.au/wp-content/uploads/2024/07/Acacia-glaucoptera-Clay-Wattle-Flowers.jpg","Moderate","0.5m - 1.5m","1m - 2.5m","Flat blue-grey winged stems.","Yellow balls directly mid-leaf stem.","Winter (Jul - Sep)","Clay-loam, gravelly soils, appreciates wet winter","High (-6°C)","High","Least Concern","WA"
"Acacia latescens","Ball Wattle","Acacia","Scarification (Hot Water)","Sow in warm native loam. Keep moist. Germination in 3\text{--}6\text{ weeks}.","Failed","N/A","N/A","1 packet","Tropical monsoonal wattle.","https://apps.lucidcentral.org/wattle/images/entities/acacia_latescens/s23704watif7.jpg","Fast","3m - 8m","2m - 5m","Glossy bright green curved sickle leaves.","Pale cream yellow balls in winter.","Winter (May - Jul)","Monsoonal sandy loam, laterite soils","Low (0°C)","Moderate","Least Concern","NT"
"Eucalyptus websteriana","Heartleaf Mallee","Eucalyptus","None Required","Sow on surface of sandy loam. Water from below. Do not bury. Germinates in 2\text{--}4\text{ weeks}.","Germinated","N/A","N/A","1 packet","Peeling curly red bark.","https://encrypted-tbn0.gstatic.com/images?q=tbn:ANd9GcRgV_nbBHBAy-XoAEbdglSfOpu4201uWggTUA&s","Moderate","2m - 5m","2m - 4m","Heart-shaped small glaucous blue-grey leaves.","Creamy yellow flower tufts.","Spring (Sep - Nov)","Dry skeletal sandy loam, granite outcrops","Moderate (-4°C)","High","Least Concern","WA"
"Acacia alata var. alata","Winged Wattle","Acacia","Scarification (Hot Water)","Sow in sandy loam, light cover. Place in warm spot. Germination in 3\text{--}6\text{ weeks}.","Germinated","N/A","N/A","1 packet","Stems are flat-winged.","https://encrypted-tbn0.gstatic.com/images?q=tbn:ANd9GcRIYTKXfyrRaixH3A-DaM6cniQsPDNC4JwpnA&s","Moderate","0.5m - 1.5m","1m - 1.5m","Fascinating winged stems with prickly prickles.","Cream to pale yellow globes.","Winter (May - Jul)","Sand, gravelly clay, riparian banks","Moderate (-4°C)","Moderate","Least Concern","WA"
"Acacia difficilis","River Wattle","Acacia","Scarification (Hot Water)","Sow in free draining warm sandy loam. Germinates in 2\text{--}5\text{ weeks}.","Unstarted","N/A","N/A","1 packet","Tropical riparian tree.","https://images.squarespace-cdn.com/content/v1/5bacb83e809d8e12a0e172eb/7be07f52-79a3-4590-8ba1-d32f9c840b15/NT+Government+3.jpeg","Fast","3m - 8m","2m - 5m","Large elliptical curved olive-green leaves.","Dense yellow cylinders in winter.","Winter (Jun - Aug)","Sandy alluvial loam, river plains","Low (0°C)","Moderate","Least Concern","NT / QLD"
"Acacia acradenia","Velvet Hill Wattle","Acacia","Scarification (Hot Water)","Sow in highly porous warm red sand. Germinates in 3\text{--}6\text{ weeks}.","Unstarted","N/A","N/A","1 packet","Velvety leaf textures.","https://apps.lucidcentral.org/wattle/images/entities/acacia_acradenia/s3198watif1.jpg","Slow to Moderate","2m - 5m","2m - 4m","Thick velvety leathery silver-green leaves.","Paired golden yellow rods.","Winter (Jun - Aug)","Skeletal red sand, desert loam","Low (-2°C)","Extremely High","Least Concern","Inland Australia"
"Melaleuca aspalathoides","Needle Honey-myrtle","Melaleuca","None Required","Bog method. Surface sow on moist mix. Cover. Germinates in 2\text{--}5\text{ weeks}.","Unstarted","N/A","N/A","1 packet","Very showy dense purple-pink flowers.","https://encrypted-tbn0.gstatic.com/images?q=tbn:ANd9GcQu9bq5sq5IAnDGYbuP4k-oXb2y0jDSIStYvw&s","Moderate","0.5m - 1.5m","0.5m - 1.2m","Tiny sharp linear heath needles.","Rich pink spikes along stems.","Spring (Sep - Nov)","Sand over granite, gravelly soils","Moderate (-5°C)","High","Least Concern","WA"
"Acacia falcata","Sickle Wattle","Acacia","Scarification (Hot Water)","Sow in native loam, light cover. Place in sun. Germinates in 10\text{--}21\text{ days}.","Germinated","N/A","N/A","1 packet","Extremely hardy and robust soil-binding plant.","https://i0.wp.com/ppnn.org.au/wp-content/uploads/2018/05/Acacia-falcata-flowers.jpg?fit=1500%2C1125&ssl=1","Fast","2m - 5m","2m - 4m","Large sickle curved grey-green leaves with red rims.","Creamy white globes.","Autumn (Apr - Jun)","Adaptable, tolerates poor thin dry clay soils","High (-6°C)","High","Least Concern","NSW / QLD"
"Hakea laurina","Pincushion Hakea","Hakea","None Required","Sow flat in sandy loam, cover seed depth. Germination in 3\text{--}8\text{ weeks}.","Unstarted","N/A","N/A","1 packet","Stunning orb-like pink flowers.","https://www.plantmark.com.au/images/thumbs/0282697_hakea-laurina_750.jpeg","Moderate to Fast","2.5m - 6m","2m - 5m","Long parallel-veined blue-green leaves.","Crimson spheres with white style pins.","Autumn (Apr - Jul)","Highly permeable sand-loams, gravels","Moderate (-5°C)","High","Least Concern","WA"
"Calothamnus quadrifidus","One-sided Bottlebrush","Calothamnus","None Required","Surface sow, cover with tiny sand layer. Germination in 2\text{--}5\text{ weeks}.","Unstarted","N/A","N/A","1 packet","Bird attracting classic.","https://encrypted-tbn0.gstatic.com/images?q=tbn:ANd9GcTvqu8KN-xPhzlH4heK-yO1iDrtL7wYOcu2RQ&s","Fast","1.5m - 3m","1.5m - 3m","Densely packed green needles.","One-sided crimson comb brushes.","Spring (Sep - Dec)","Clay, sand, limestone, highly adaptable","High (-7°C)","High","Least Concern","WA"
"Melaleuca suberosa","Cork-barked Honey-myrtle","Melaleuca","None Required","Bog method. Surface sow on moist mix. Germinates in 2\text{--}4\text{ weeks}.","Unstarted","N/A","N/A","1 packet","Beautiful bark textures.","https://encrypted-tbn0.gstatic.com/images?q=tbn:ANd9GcRg9I823DgBAN0DYj034VE28URFOhRgbNNb9Q&s","Moderate","0.3m - 1m","0.5m - 1.5m","Crowded linear small leaves.","Deep pink flowers directly from corky wood.","Spring (Oct - Jan)","Moist sandy clay, peats, damp margins","Moderate (-5°C)","Moderate","Least Concern","WA"
"Melaleuca violacea","Violet Honey-myrtle","Melaleuca","None Required","Bog method. Surface sow, keep moist. Germinates in 2\text{--}4\text{ weeks}.","Unstarted","N/A","N/A","1 packet","Excellent ground shrub.","https://encrypted-tbn0.gstatic.com/images?q=tbn:ANd9GcSfzV5Uv25wbcfJh_vqxH7rPvwezsHMHjQPFA&s","Moderate","0.5m - 1.5m","1m - 2m","Opposite layers of heart-shaped dark green leaves.","Violet-purple pom-poms on stem ends.","Spring (Sep - Nov)","Seasonally wet clay-sand, wet flats","High (-6°C)","Moderate","Least Concern","WA"
"Acacia rhigiophylla","Dagger-leaf Wattle","Acacia","Scarification (Hot Water)","Sow in sandy soil, warm temperature. Germination in 3\text{--}8\text{ weeks}.","Unstarted","N/A","N/A","1 packet","Good protective thicket plant.","https://spapps.environment.sa.gov.au/sosa.services/api/SpeciesImages/28112017/Acacia%20rhigiophylla%20f%20Denzel%20Murfet%20Murray%20Park.jpg","Slow","1m - 2m","1.5m - 3m","Extremely rigid dagger sharp leaves.","Paired yellow spheres.","Spring (Sep - Oct)","Rocky calcareous loam, heavy limestone","High (-6°C)","High","Rare","SA / NSW"
"Acacia stenophylla","River Cooba","Acacia","Scarification (Hot Water)","Sow in loam, keep moist. Warm position. Germinates in 2\text{--}5\text{ weeks}.","Germinated","N/A","N/A","1 packet","Highly salt tolerant tree.","https://encrypted-tbn0.gstatic.com/images?q=tbn:ANd9GcTXc5sO6g9cUk_vamieVg3c3LK1SZBe0Yif0A&s","Fast","4m - 10m","3m - 6m","Very long shoestring-like glaucous leaves.","Loose creamy pale yellow globes.","Autumn (Apr - Jul)","Heavy alluvial clay plains, riparian","High (-7°C)","Extremely High","Least Concern","Inland river systems"
"Acacia dealbata","Silver Wattle","Acacia","Scarification (Hot Water)","Sow in standard raising mix. Keep warm. Germinates in 2\text{--}4\text{ weeks}.","Unstarted","N/A","N/A","1 packet","Extremely fast growing coloniser.","https://upload.wikimedia.org/wikipedia/commons/8/82/Acacia_dealbata-1.jpg","Very Fast","6m - 15m","5m - 10m","Fern-like feathery silver-blue leaves.","Huge yellow mass spheres.","Winter (Jul - Sep)","Deep moist mountain soils, rich loam","High (-10°C)","Moderate","Least Concern","SE Australia"
"Acacia pubifolia","Wyberba Wattle","Acacia","Scarification (Hot Water)","Sow in gritty sand loam. Warm spot. Germinates in 3\text{--}6\text{ weeks}.","Planted","N/A","N/A","1 packet","Foliage is intensely fuzzy.","https://apps.lucidcentral.org/wattle/images/entities/acacia_pubifolia/s23796watif1.jpg","Moderate","3m - 8m","2m - 5m","Silver-velvety felt-textured phyllodes.","Scented bright yellow globes.","Spring (Sep - Nov)","Granite soils, sandy acidic soils","High (-8°C)","High","Vulnerable","QLD / NSW border"
"Acacia glaucissima","Glaucous Wattle","Acacia","Scarification (Hot Water)","Sow in sandy loam, light cover. Germinates in 3\text{--}6\text{ weeks}.","Unstarted","N/A","N/A","1 packet","Stunning blue-grey leaf coatings.","https://upload.wikimedia.org/wikipedia/commons/e/ec/Acacia_glaucocarpa.jpg","Moderate","1m - 2m","1.5m - 3m","Thick obovate powder blue-grey leaves.","Vibrant yellow globularheads.","Spring (Aug - Oct)","Sandy loam, gravel, calcareous sites","Moderate (-5°C)","High","Least Concern","WA"
"Melaleuca filifolia","Wiry Honey-myrtle","Melaleuca","None Required","Bog method. Keep warm and humid. Germination in 2\text{--}4\text{ weeks}.","Unstarted","N/A","N/A","1 packet","Needle-thin foliage.","https://encrypted-tbn0.gstatic.com/images?q=tbn:ANd9GcRcOHnCkKJ3Ks0UDQNdI7rvRJmxXrd7D_vDQg&s","Moderate","1m - 3m","1.5m - 3m","Drooping, thread-like wiry green needles.","Rich pink spheres with gold tips.","Spring (Sep - Nov)","Sand/gravel plains, sandstone gravel swales","High (-6°C)","High","Least Concern","WA"
"Hakea invaginata","Pink Plumed Hakea","Hakea","None Required","Sow in porous mix, cover seed depth. Germination in 14\text{--}42\text{ days}.","Unstarted","N/A","N/A","1 packet","Fasciated looking flower clusters.","https://encrypted-tbn0.gstatic.com/images?q=tbn:ANd9GcTXEN0zAl9g7Jh7NO5M68sKx_qzgY34w8vXAQ&s","Moderate","1.5m - 3m","1.5m - 3m","Vertical, grooved green needle leafage.","Pink/purple plume cylinders along branches.","Spring (Aug - Oct)","Gravelly sands, clay loam slopes","Moderate (-4°C)","High","Least Concern","WA"
"Eucalyptus synandra","Jingymia Mallee","Eucalyptus","None Required","Sow on surface, light sand cover. Germinates in 2\text{--}4\text{ weeks}.","Germinated","N/A","N/A","1 packet","Graceful weeping habit mallee.","https://encrypted-tbn0.gstatic.com/images?q=tbn:ANd9GcTpYKQdSkkgxy1yyo25fIQH99OeHwY7IW_M4Q&s","Moderate","3m - 6m","2m - 4m","Thin drooping dull olive-green leaves.","Hanging bells ageing from white to pink.","Spring (Aug - Nov)","Ironstone gravelly clay, granite sands","Moderate (-4°C)","High","Vulnerable","WA"
"Acacia colletioides","Wait-a-while / Spine Bush","Acacia","Scarification (Hot Water)","Sow in deep sandy loam. Protect from frost. Germination in 3\text{--}8\text{ weeks}.","Unstarted","N/A","N/A","1 packet","Intricately branched and prickly.","https://inaturalist-open-data.s3.amazonaws.com/photos/150195796/medium.jpg","Slow","1.5m - 3m","2m - 4m","Prickly, spine-tipped stout needles.","Paired yellow spheres.","Winter (Jul - Sep)","Calcareous sandy clay, dry mallee loams","High (-8°C)","Extremely High","Least Concern","Inland Aus"
"Melaleuca pentagona var. latifolia","Broad-leaf Five-angled Honey-myrtle","Melaleuca","None Required","Bog method. Warm, humid position. Germinates in 2\text{--}5\text{ weeks}.","Unstarted","N/A","N/A","1 packet","Very tough windbreak shrub.","https://encrypted-tbn0.gstatic.com/images?q=tbn:ANd9GcRfTuvJUZokTRQKXqft43PR066ZLg3CveWukw&s","Moderate","1m - 2.5m","1m - 2m","Broad-lanceolate leathery alternate leaves.","Pink-purple terminal spheres.","Summer (Dec - Jan)","Seasonally wet peat, sand flat swampy soils","High (-5°C)","Moderate","Least Concern","WA"
"Acacia rivalis","Creek Wattle","Acacia","Scarification (Hot Water)","Sow in loam. Place warm, moist position. Germinates in 3\text{--}6\text{ weeks}.","Unstarted","N/A","N/A","1 packet","Arid creekline survivor.","https://apps.lucidcentral.org/wattle/images/entities/acacia_rivalis/mf1_7545_3.jpg","Moderate","3m - 5m","2.5m - 4m","Fine linear-sickle green leaves.","Cream-gold globular heads.","Winter (May - Aug)","Alluvial gravel, ephemeral sandy clay lines","High (-6°C)","Extremely High","Least Concern","SA / NSW border"
"Acacia fauntleroyi","Summer Rain Wattle","Acacia","Scarification (Hot Water)","Sow in sandy raising mix, keep warm. Germinates in 3\text{--}6\text{ weeks}.","Germinated","N/A","N/A","1 packet","Flaking red minni-ritchi bark.","https://upload.wikimedia.org/wikipedia/commons/thumb/1/1d/Acacia_fauntleroyi_Fagg.jpg/250px-Acacia_fauntleroyi_Fagg.jpg","Moderate","2m - 5m","2m - 4m","Long silvery-white weeping leaf cords.","Scented golden yellow cylindrical spikes.","Spring (Sep - Nov)","Gravelly granite loam, rocky hill slopes","Moderate (-4°C)","High","Least Concern","WA"
"Melaleuca seriata","Pink Honey-myrtle","Melaleuca","None Required","Bog method. Surface sow, keep moist. Germinates in 2\text{--}4\text{ weeks}.","Unstarted","N/A","N/A","1 packet","Compact garden-friendly size.","https://www.anbg.gov.au/images/photo_cd/132_JWW/a-40828_2.jpg","Moderate","0.5m - 1.5m","0.5m - 1.5m","Flat lanceolate dark green leaves.","Lavender-pink globular flower sprays.","Spring (Sep - Nov)","Sandy soils, coastal clay plains","Moderate (-5°C)","High","Least Concern","WA"
"Melaleuca tuberculata","Warty Honey-myrtle","Melaleuca","None Required","Bog method. Surface sow, cover glass. Germinates in 2\text{--}4\text{ weeks}.","Unstarted","N/A","N/A","1 packet","Unusual bumpy leaf branchlet structures.","https://encrypted-tbn0.gstatic.com/images?q=tbn:ANd9GcQrW1cMipdnn-d056W9U8XzxBwyeDrvhKgTCQ&s","Moderate","0.5m - 1.5m","0.5m - 1.5m","Tiny scale-like leaves packed on bumpy stems.","Rich purple pink spheres.","Spring (Sep - Nov)","Dry skeletal sand, gravelly clay loams","Moderate (-4°C)","High","Least Concern","WA"
"Acacia crassa","Curly-bark Wattle","Acacia","Scarification (Hot Water)","Sow in free draining potting mix, keep warm. Germinates in 2\text{--}4\text{ weeks}.","Unstarted","N/A","N/A","1 packet","Stately understorey wattle.","https://upload.wikimedia.org/wikipedia/commons/9/91/Acacia_crassa_foliage_and_flowers.jpg","Fast","4m - 10m","3m - 6m","Large sickle-shaped olive green leaves.","Vibrant yellow rods in winter.","Winter (Jun - Aug)","Skeletal loam, sandstone ridge grit","High (-6°C)","High","Least Concern","QLD"
"Eucalyptus macrocarpa","Rose of the West","Eucalyptus","None Required","Sow on surface, light covering of sand. Place warm (18\text{--}22^\circ\text{C}), sunny spot. Germinates in 2\text{--}4\text{ weeks}.","Germinated","N/A","N/A","50 Seeds","Spectacular giant red flowers, massive silvery leaves.","https://encrypted-tbn0.gstatic.com/images?q=tbn:ANd9GcSXqTVYPx83dV-ib8pvMJx6bcENjtGG-D4yPg&s","Moderate","1.5m - 4m","2m - 4m","Giant heart-shaped, intensely silver glaucous leaves.","Huge watermelon-pink/rose flowers.","Spring (Aug - Nov)","Deep gravelly sand plains, extremely well-drained","Moderate (-4°C)","High","Least Concern","WA"
"Eucalyptus pulverulenta","Baby Blue Eucalyptus","Eucalyptus","None Required","Sow on sandy raising mix, light sand dusting. Keep moist in warm spot. Germination in 2\text{--}4\text{ weeks}.","Germinated","N/A","N/A","20 Seeds","Sought after floristry foliage plant.","https://encrypted-tbn0.gstatic.com/images?q=tbn:ANd9GcRfRm7bwWtwdGyI0n0bPeAFNAtzL0-gLodmNg&s","Fast","3m - 6m","2m - 4m","Compact round silver-grey leaves closely hugging stems.","Creamy white clustered blossoms.","Spring (Sep - Nov)","Well drained forest clay loams, granitic clay","High (-8°C)","High","Vulnerable","NSW"
"Clitoria ternatea","Butterfly Pea","Fabaceae","Scarification (Warm Soak)","Soak in warm water for 12\text{--}24\text{ hours} until swollen. Sow in deep organic mix. Germination in 1\text{--}2\text{ weeks}.","Unstarted","N/A","N/A","30 Seeds","Fast climbing legume with edible indigo blossoms.","https://upload.wikimedia.org/wikipedia/commons/thumb/2/2a/Asian_pigeonwings_in_Bhopal_04.jpg/250px-Asian_pigeonwings_in_Bhopal_04.jpg","Fast","2m - 3m vine","1m - 2m spread","Lush pinnate light-green leaflets.","Vibrant royal-blue blossoms with white centers.","Summer (Dec - Feb)","Rich deep loam, moist garden earths","Low (5°C)","Moderate","Least Concern","Global"
"Dendrocalamus strictus","Male Bamboo / Solid Bamboo","Poaceae","Warm Water Soak","Soak in water for 24\text{ hours}. Sow in warm seedbed (25\text{--}30^\circ\text{C}). Germinates in 2\text{--}4\text{ weeks}.","Unstarted","N/A","N/A","20 Seeds","Extremely strong, near solid structural culms.","https://ask-ayurveda.com/media/uploads/wiki/Dendrocalamus_strictus_2_1.png","Very Fast","8m - 15m","3m - 5m clump","Narrow lanceolate light-green bamboo leaves.","Inconspicuous wind-pollinated grass plumes.","Summer (Dec - Jan)","Dry stony river clay loam","Low (0°C)","High","Least Concern","Global"
"Eucalyptus tereticornis","Forest Red Gum","Eucalyptus","None Required","Sow fine seeds on surface. Do not bury. Keep warm and damp. Germination in 2\text{--}4\text{ weeks}.","Unstarted","N/A","N/A","50 Seeds","Massive koala habitat tree. Smooth grey mottled bark.","https://encrypted-tbn0.gstatic.com/images?q=tbn:ANd9GcSyFOoaGOeO7ziL6elOMp-Jil-b7VucwxP3CA&s","Fast","20m - 50m","10m - 25m","Narrow glossy green curved sickle leaves.","Clusters of fluffy white blossoms.","Spring (Aug - Oct)","Rich deep alluvial clay flats","High (-6°C)","Moderate","Least Concern","QLD / NSW / VIC"
"Brachychiton rupestris","Queensland Bottle Tree","Brachychiton","None Required","Sow in free draining loam, cover seed depth. Maintain warm position (20\text{--}25^\circ\text{C}). Germination in 2\text{--}6\text{ weeks}.","Unstarted","N/A","N/A","10 Seeds","Slowly forms a massive bottle-shaped water-storing trunk.","https://encrypted-tbn0.gstatic.com/images?q=tbn:ANd9GcRSLZApwIvFDQD91cNcqZs0Pt_O8lpXfM7OCw&s","Slow","10m - 20m","5m - 8m","Glossy green divided hand-shaped narrow lobes.","Small cream bell clusters in spring.","Spring (Sep - Nov)","Clay-loam, dry basalt hillsides","Moderate (-5°C)","High","Least Concern","QLD"
"Cotinus coggygria","Smoke Tree","Cotinus","Cold Stratification ($3\text{--}4\text{ weeks}$)","Pour hot water over seed, soak 24\text{ hours}, then cold stratify for 1\text{ month}. Sow. Germination in 4\text{--}8\text{ weeks}.","Unstarted","N/A","N/A","10 Seeds","Stunning ornamental. Purplish-pink fluffy blooms.","https://upload.wikimedia.org/wikipedia/commons/7/75/Cotinus_coggygria5.jpg","Moderate","3m - 5m","3m - 5m","Ovate green leaves turning fiery orange/purple in autumn.","Huge smoke-like billowy pinkish plumes.","Summer (Nov - Jan)","Well drained alkaline loams, poor soils","High (-15°C)","High","Least Concern","Global"
"Eucalyptus microcorys","Tallowwood Tree","Eucalyptus","None Required","Sow fine seeds on surface. Do not bury. Keep warm and damp. Germination in 2\text{--}4\text{ weeks}.","Unstarted","N/A","N/A","20 Seeds","High value durable structural timber. Soft stringy orange bark.","https://encrypted-tbn0.gstatic.com/images?q=tbn:ANd9GcRLC82mBt22E67Ncp7Rd-Z0aN9S_BcslpgZxQ&s","Fast","30m - 60m","15m - 25m","Light green thin leaves, highly aromatic.","Fluffy small cream clusters.","Spring (Sep - Nov)","Moist rich coastal clays, forest compost","Moderate (-3°C)","Moderate","Least Concern","NSW / QLD"
"Eucalyptus polybractea","Blue Leaved Mallee","Eucalyptus","None Required","Surface sow on fine sand-loam mix. Keep damp. Germinates in 2\text{--}4\text{ weeks}.","Unstarted","N/A","N/A","20 Seeds","Primary commercial source for high-cineole eucalyptus oil.","https://encrypted-tbn0.gstatic.com/images?q=tbn:ANd9GcRSc8IQOSNKqDAbsk4FqbDFY24u8jxOEpHHNQ&s","Fast","3m - 8m","3m - 6m","Silvery-blue stiff glaucous narrow leaves.","White flower clusters.","Autumn (Mar - May)","Dry stony gravelly plains, clay loam","High (-7°C)","Extremely High","Least Concern","NSW / VIC"
"Eucalyptus caesia","Silver Princess","Eucalyptus","None Required","Sow on sandy raising mix. Keep warm and damp. Germination in 2\text{--}4\text{ weeks}.","Unstarted","N/A","N/A","50 Seeds","Stunning weeping branches covered in white waxy powder.","https://encrypted-tbn0.gstatic.com/images?q=tbn:ANd9GcRMJ3ilyEOR3bE_AsQvGpHOFYW_onRBNdzwmg&s","Fast","4m - 8m","3m - 6m","Drooping dark green contrast foliage with powdery white stems.","Showy rich pink-red flower tufts with golden stamens.","Spring (Sep - Nov)","Granite sands, clay loams, adaptability","Moderate (-4°C)","High","Vulnerable","WA"
"Eucalyptus marginata","Jarrah Eucalyptus","Eucalyptus","None Required","Sow on porous mix, cover to seed depth. Place warm, well-lit. Germinates in 3\text{--}6\text{ weeks}.","Unstarted","N/A","N/A","50 Seeds","Legendary red timber giant tree.","https://encrypted-tbn0.gstatic.com/images?q=tbn:ANd9GcTC2W5YGpSEc7pcVqQWqYGiYRXKQxt57FOPJQ&s","Slow","10m - 40m","8m - 20m","Glossy dark-green curved sickle leaves.","Showy cream white puff globes.","Spring (Sep - Nov)","Demands deep forest gravels, sandstone-clays","Moderate (-4°C)","High","Least Concern","WA"
"Eucalyptus coccifera","Tasmanian Snow Gum","Eucalyptus","Cold Stratification ($4\text{--}6\text{ weeks}$)","Moist cold stratify in fridge for 1\text{ month} before sowing. Germinates in 3\text{--}6\text{ weeks}.","Unstarted","N/A","N/A","50 Seeds","Alpine native tree, peeling grey and orange bark.","https://encrypted-tbn0.gstatic.com/images?q=tbn:ANd9GcQRtSujeHFqcaZ49rTHB0Oz_z_lv2pemFHW_Q&s","Moderate","4m - 12m","3m - 8m","Leathery blue-green ovate leaves with bright red stems.","Paired white tufted blooms.","Summer (Dec - Feb)","Alpine skeletal rocky granite, gravels","High (-12°C)","Moderate","Least Concern","TAS"
"Corymbia maculata","Spotted Gum","Corymbia","None Required","Sow seeds on standard soil, light cover. Place in warm sunny spot. Germinates in 2\text{--}4\text{ weeks}.","Unstarted","N/A","N/A","50 Seeds","Mottled dimpled grey bark tree.","https://inaturalist-open-data.s3.amazonaws.com/photos/70653472/original.jpg","Fast","20m - 45m","10m - 20m","Lush glossy green curved lanceolate leaves.","Huge creamy white clusters.","Winter (Jun - Sep)","Adaptable, enjoys heavy dry clay silt soils","Moderate (-5°C)","High","Least Concern","NSW / QLD / VIC"
"Acacia acuminata","Raspberry Jam Wattle","Acacia","Scarification (Hot Water)","Sow in well-drained sandy mix. Cover lightly. Keep warm. Germination in 2\text{--}5\text{ weeks}.","Germinated","N/A","N/A","50 Seeds","Fresh cut wood smells intensely of raspberry jam.","https://tuckerbush.com.au/wp-content/uploads/2018/10/Raspberry-Jam-Wattle-Acacia-acuminiata-1.jpg","Moderate","3m - 7m","2.5m - 5m","Fine linear, long green hair-like leaves.","Rich golden yellow cylindrical rods.","Spring (Sep - Oct)","Granite sands, dry laterite clay","High (-7°C)","High","Least Concern","WA"
"Acacia mearnsii","Black Wattle","Acacia","Scarification (Hot Water)","Sow in standard raising mix. Keep warm and damp. Germination in 2\text{--}4\text{ weeks}.","Germinated","N/A","N/A","20 Seeds","Pioneer tree, extremely fast biomass grower.","https://apps.lucidcentral.org/wattle/images/entities/acacia_mearnsii/r0014574_3.jpg","Very Fast","6m - 15m","5m - 10m","Feathery bipinnate lush dark green fern leaves.","Soft pale cream fragrant globes.","Summer (Nov - Jan)","Adaptable, heavy moist loam clays","High (-8°C)","Moderate","Least Concern","SE Australia"
"Adansonia gregorii","Australian Baobab / Boab","Malvaceae","Scarification / Sanding","Sand seed coat lightly. Soak in warm water 24\text{ hours} until swollen. Sow deep. Germinates in 2\text{--}8\text{ weeks}.","Unstarted","N/A","N/A","10 Seeds","Sensational swollen desert bottle-trunk tree.","https://upload.wikimedia.org/wikipedia/commons/thumb/0/0b/Boab_tree_in_February%2C_Kimberley_region%2C_Western_Australia.jpg/250px-Boab_tree_in_February%2C_Kimberley_region%2C_Western_Australia.jpg","Slow","5m - 15m","6m - 15m trunk","Lush divided light-green deciduous leaves.","Huge fragrant white bells in wet season.","Summer (Nov - Feb)","Sands, alluvial river beds, rocky hills","Low (5°C)","Extremely High","Least Concern","WA / NT"
"Backhousia citriodora","Lemon Myrtle","Backhousia","None Required","Sow seed on surface. Press down lightly. Keep highly humid/warm. Germination in 3\text{--}8\text{ weeks}.","Unstarted","N/A","N/A","20 Seeds","Leaves contain the highest source of natural citral oil.","https://encrypted-tbn0.gstatic.com/images?q=tbn:ANd9GcR8ALdSXRuBSh-3mPYZOuPPjYMogpn_T1Wfdg&s","Moderate","3m - 8m","2.5m - 5m","Lush glossy green elliptic leaves.","Fluffy white stars.","Summer (Dec - Mar)","Rich deep moist rainforest soils, compost","Low (-2°C)","Moderate","Least Concern","QLD"
"Eucalyptus preissiana","Bell-fruited Mallee","Eucalyptus","None Required","Surface sow on fine sand mix. Water from bottom. Germinates in 2\text{--}4\text{ weeks}.","Germinated","N/A","N/A","1 packet","Large striking yellow flowers, bell-shaped seed pods.","https://www.kuranga.com.au/wp-content/uploads/2024/12/Eucalyptus-preissiana-scaled.jpg","Moderate","2m - 3m","2m - 4m","Stiff thick round olive green leaves.","Vibrant yellow puffballs, ribbed cups.","Winter (Jun - Aug)","Sandy clay gravel over limestone, coastal","Moderate (-4°C)","High","Least Concern","WA"
"Eucalyptus stricklandii","Strickland's Gum","Eucalyptus","None Required","Sow fine seed on sandy loam. Do not bury. Warm spot. Germinates in 2\text{--}4\text{ weeks}.","Germinated","N/A","N/A","1 packet","Large flat-topped golden wattle-yellow flower masses.","https://encrypted-tbn0.gstatic.com/images?q=tbn:ANd9GcQ0JBmb_xk_MgKJGAv2GGOGRvBXBAd86IjYTQ&s","Moderate","4m - 11m","3m - 8m","Thick curved dull green leaves.","Densely packed lemon-yellow blossoms.","Summer (Dec - Feb)","Dry red clay gravels, inland stony soil","High (-6°C)","Extremely High","Least Concern","WA"
"Eucalyptus lehmannii","Bushy Yate","Eucalyptus","None Required","Surface sow on sandy peat mix. Keep humid. Germination in 2\text{--}4\text{ weeks}.","Planted","N/A","N/A","1 packet","Bud caps resemble long horn cluster claws.","https://encrypted-tbn0.gstatic.com/images?q=tbn:ANd9GcRzpc45k_7n7W8fJ0zSnBzsLTnS2WwajXfhkQ&s","Moderate","3m - 8m","4m - 8m","Dense round crown of light green leaves.","Huge yellowish-green clustered heads.","Spring (Aug - Nov)","Coastal sands, gravelly clay loams","Moderate (-5°C)","High","Least Concern","WA"
"Eucalyptus torquata","Coral Gum","Eucalyptus","None Required","Sow on fine raising mix. Warm position. Germinates in 2\text{--}4\text{ weeks}.","Germinated","N/A","N/A","1 packet","Highly decorative ribbed red flower buds.","https://encrypted-tbn0.gstatic.com/images?q=tbn:ANd9GcTIbtgTeSX9fgupSnX7eCVV1zwIxcEb0pETow&s","Fast","4m - 11m","3m - 7m","Narrow greyish olive-green lanceolate leaves.","Coral-pink to orange clusters in winter.","Winter (Jun - Oct)","Dry heavy clay loam, saline tolerant","High (-7°C)","Extremely High","Least Concern","WA"
"Eucalyptus platypus","Round-leaved Moort","Eucalyptus","None Required","Sow on sandy raising mix. Keep warm and damp. Germination in 2\text{--}4\text{ weeks}.","Unstarted","N/A","N/A","1 packet","Very dense crown, useful farm shelterbelt.","https://www.nativeshop.com.au/cdn/shop/files/Eucalyptusutilis_2_580x.jpg?v=1722916371","Moderate","3m - 9m","3m - 7m","Thick round shiny light-green leaves.","Greenish-yellow fluffy blossoms.","Spring (Sep - Dec)","Heavy clays, seasonally waterlogged","High (-6°C)","High","Least Concern","WA"
"Eucalyptus kingsmillii","Kingsmill's Mallee","Eucalyptus","None Required","Sow on surface, light covering of sand. Place warm. Germinates in 2\text{--}4\text{ weeks}.","Germinated","N/A","N/A","1 packet","Bud caps have 8 distinct structural ribs.","https://encrypted-tbn0.gstatic.com/images?q=tbn:ANd9GcSJoUZqADSFKvFMhssxrsV97Naw7Fta-0GCIA&s","Slow","1.5m - 5m","2m - 4m","Stiff grey-green lanceolate leaves.","Ribbed red/yellow buds bursting yellow tufts.","Winter (Jul - Sep)","Deep red desert sand, skeletal rocks","Moderate (-3°C)","Extremely High","Least Concern","WA"
"Eucalyptus kruseana","Bookleaf Mallee","Eucalyptus","None Required","Sow fine seeds on surface. Press lightly. Keep damp. Germinates in 2\text{--}4\text{ weeks}.","Germinated","N/A","N/A","1 packet","Extremely unusual stacked leaf layers.","https://encrypted-tbn0.gstatic.com/images?q=tbn:ANd9GcQ8aT4KKsjTAMbhNC_YWvJhzZ-00fDL7ktJuw&s","Slow","2m - 4m","2m - 4m","Round stemless silvery leaves packed like books.","Greenish yellow clusters along branches.","Winter (Jun - Sep)","Gritty dry loam, granite crevices","High (-6°C)","Extremely High","Priority Four","WA"
"Melaleuca huegelii Pink fls","Pink Chenille Honeymyrtle","Melaleuca","None Required","Bog method. Surface sow on moist mix. Cover. Germinates in 2\text{--}5\text{ weeks}.","Germinated","N/A","N/A","1 packet","Showy chenille spikes of soft pink flowers.","https://encrypted-tbn0.gstatic.com/images?q=tbn:ANd9GcQ0a0kuoqgAHffhWP7taGuJ3_-FM1_QPqftaw&s","Fast","2m - 5m","1.5m - 3m","Dense scale-like tiny dark green leaves.","Fluffy pink cylinder bottle-spikes.","Summer (Nov - Jan)","Coastal sands, limestone clays","High (-6°C)","High","Least Concern","WA"
"Eucalyptus diversifolia","Soap Mallee","Eucalyptus","None Required","Surface sow on fine sand mix. Keep damp. Germinates in 2\text{--}4\text{ weeks}.","Unstarted","N/A","N/A","1 packet","Soap-scented leaves when crushed.","https://www.consultaplantas.com/images/phocagallery/eucalyptus_diversifolia/thumbs/phoca_thumb_l_eucalyptus_diversifolia_3.jpg","Moderate","2m - 6m","3m - 6m","Thick curved grey-green lanceolate leaves.","White to cream tuft blossoms.","Spring (Sep - Nov)","Coastal calcareous sand, coastal limestone cliffs","High (-6°C)","High","Least Concern","SA / VIC / WA"
"Melaleuca densa","Clustered Honeymyrtle","Melaleuca","None Required","Bog method. Surface sow, keep moist. Germinates in 2\text{--}4\text{ weeks}.","Germinated","N/A","N/A","1 packet","Dense matted shrub layer.","https://encrypted-tbn0.gstatic.com/images?q=tbn:ANd9GcSZsrDBM56eA5PA_D-W4dnXBFIo5V55gXucww&s","Moderate","1m - 3m","1m - 3m","Tiny oval scale leaves clustered on branches.","Cream-white terminal cylinders.","Spring (Sep - Nov)","Swampy clay, seasonal wet sand flats","High (-6°C)","Moderate","Least Concern","WA"
"Melaleuca glaberrima","Smooth Melaleuca","Melaleuca","None Required","Bog method. Keep warm and humid. Germinates in 2\text{--}4\text{ weeks}.","Germinated","N/A","N/A","1 packet","Highly elegant garden shrub.","https://upload.wikimedia.org/wikipedia/commons/thumb/8/8c/Melaleuca_glaberrima_%28habit%29.JPG/250px-Melaleuca_glaberrima_%28habit%29.JPG","Moderate","1m - 2.5m","1m - 2m","Flat narrow linear leaves, smooth stems.","Dainty soft pink terminal pom-poms.","Spring (Sep - Nov)","Granitic sands, gravel over clay","High (-6°C)","High","Least Concern","WA"
"Melaleuca huegelii White fls","White Chenille Honeymyrtle","Melaleuca","None Required","Bog method. Surface sow on moist mix. Cover. Germinates in 2\text{--}5\text{ weeks}.","Germinated","N/A","N/A","1 packet","Spectacular white bottle-spikes.","https://encrypted-tbn0.gstatic.com/images?q=tbn:ANd9GcRA5Zl8UT2-E13dr8XmAlxX9Ehv-JuYtKyH2g&s","Fast","2m - 5m","1.5m - 3m","Scale-like tiny dark green leaves.","Lush fluffy white cylinders.","Summer (Nov - Jan)","Coastal sands, limestone clays","High (-6°C)","High","Least Concern","WA"
"Eucalyptus crucis","Southern Cross Silver Mallee","Eucalyptus","None Required","Sow fine seeds on surface. Press lightly. Keep damp. Germinates in 2\text{--}4\text{ weeks}.","Germinated","N/A","N/A","1 packet","Striking weeping white stems.","https://encrypted-tbn0.gstatic.com/images?q=tbn:ANd9GcT0a5oBObhEmS2Axq8yJupxCm8KpQf_76tC5g&s","Moderate","2m - 6m","2m - 5m","Powdery intense silver-grey oval leaves.","Cream-white flowers in winter.","Winter (Jul - Sep)","Skeletal loam over granite, rocky outcrops","High (-7°C)","High","Vulnerable","WA"
"Allocasuarina humilis","Dwarf Sheoak","Allocasuarina","None Required","Sow in standard raising mix. Cover lightly. Place in warm spot. Germinates in 2\text{--}4\text{ weeks}.","Unstarted","N/A","N/A","1 packet","Dainty shrub, distinct woody cones.","https://upload.wikimedia.org/wikipedia/commons/9/9d/Casuarina42895094852_70f8b290f0_o.jpg","Slow","0.5m - 2m","0.5m - 2m","Fine segmented dark green needles.","Red-tipped female tufts, yellow male sprays.","Winter (Jun - Aug)","Coastal grey sands, granite gravels","High (-8°C)","High","Least Concern","WA"
"Eucalyptus macrocarpa ssp. elachantha","Small-leaved Rose of the West","Eucalyptus","None Required","Sow on surface, light covering of sand. Warm (18\text{--}22^\circ\text{C}), sunny spot. Germinates in 2\text{--}4\text{ weeks}.","Planted","N/A","N/A","1 packet","Compact sub-species of macrocarpa.","https://apps.lucidcentral.org/euclid/images/entities/eucalyptus_macrocarpa_subsp._elachantha/macrocarpa_elachantha4.jpg","Moderate","1.5m - 4m","2m - 4m","Intensely silvery-white glaucous leaves, slightly smaller than ssp. macrocarpa.","Huge watermelon-rose blossoms up to 8cm wide.","Spring (Aug - Nov)","Deep gravelly sand plains, extremely well-drained","Moderate (-4°C)","High","Priority Four","WA"
"Eucalyptus conferruminata","Bald Island Marlock","Eucalyptus","None Required","Surface sow on sandy peat mix. Keep humid. Germination in 2\text{--}4\text{ weeks}.","Germinated","N/A","N/A","1 packet","Unusual flat fused seed-pod bundles.","https://encrypted-tbn0.gstatic.com/images?q=tbn:ANd9GcSxrGiOONNb0QuwxpGscmbFScbmK16mgNHbog&s","Fast","3m - 8m","4m - 8m","Dense glossy-green curved elliptic leaves.","Greenish-yellow pom-pom blossoms.","Spring (Sep - Nov)","Coastal limestone sand, skeletal granitic soils","Moderate (-4°C)","High","Least Concern","WA"
"Acacia victoriae","Bramble Wattle / Prickly Wattle","Acacia","Scarification (Hot Water)","Sow in standard free-draining sandy loam, cover seed depth. Place warm position. Germinates in 3\text{--}8\text{ weeks}.","Unstarted","N/A","N/A","1 packet","Sturdy desert survival wattle with sharp paired spines.","https://encrypted-tbn0.gstatic.com/images?q=tbn:ANd9GcQnjZC23gCHeYGA-EPxWjRvvGNwGb1jy8ZEag&s","Slow to Moderate","2m - 5m","2m - 4m","Glaucous blue-green narrow foliage, heavily spiked base stems.","Fluffy pale yellow globular ball sprays.","Spring (Sep - Dec)","Alkaline sands, alluvial clay dunes","High (-8°C)","Extremely High","Least Concern","Inland Australia"
"Acacia pravissima","Ovens Wattle / Wedge-leaved Wattle","Acacia","Scarification (Hot Water)","Sow in well-drained native mix, cover lightly. Place warm spot. Germinates in 2\text{--}4\text{ weeks}.","Unstarted","N/A","N/A","1 packet","Highly unique triangular wedge-shaped foliage, weeping habits.","https://apps.lucidcentral.org/wattle/images/entities/acacia_pravissima/dsc_21087_3.jpg","Fast","3m - 8m","3m - 6m","Deep-green, triangular, closely packed crowded phyllodes.","Abundant mass yellow spheres.","Spring (Aug - Oct)","Rich moist forest soils, clay loam","High (-10°C)","High","Least Concern","SE Australia"
"Acacia redolens","Vanilla Wattle (Low Form)","Acacia","Scarification (Hot Water)","Sow in sandy raising mix, keep warm. Cover lightly. Germination in 3\text{--}6\text{ weeks}.","Unstarted","N/A","N/A","1 packet","Sensational groundcover variant smelling intensely of vanilla.","https://upload.wikimedia.org/wikipedia/commons/thumb/9/9f/Acacia_redolens_1.jpg/250px-Acacia_redolens_1.jpg","Fast","0.5m - 1m","2m - 4m","Thick, leathery curved blue-green phyllodes close to soil.","Dense yellow spherical ball clusters.","Spring (Aug - Oct)","Heavy clays, sands, coastal saline soils","High (-7°C)","Extremely High","Least Concern","WA"
"Acacia uncinata","Weeping Wattle / Round-leaf Wattle","Acacia","Scarification (Hot Water)","Sow in sandy native loam, cover seed depth. Warm spot. Germinates in 3\text{--}6\text{ weeks}.","Unstarted","N/A","N/A","1 packet","Graceful open weeping shrub with wavy rounded foliage.","https://apps.lucidcentral.org/wattle/images/entities/acacia_uncinata/dsc_3699_3.jpg","Moderate","1m - 3m","1m - 2.5m","Small asymmetrical round glaucous leaves with wavy borders.","Pale yellow-cream globes on delicate weeping ends.","Autumn (Mar - May)","Sandy clay, rocky sandstone ridges","High (-8°C)","High","Least Concern","NSW / QLD"
"Eucalyptus burracoppinensis","Burracoppin Mallee","Eucalyptus","None Required","Surface sow on fine sand-loam. Do not bury. Keep damp and warm. Germination in 2\text{--}4\text{ weeks}.","Unstarted","N/A","N/A","1 packet","Highly structural mallee, peeling bark, ribbed waxy buds.","https://encrypted-tbn0.gstatic.com/images?q=tbn:ANd9GcT3Ge7qvSS_p-mW8sfUrSiL5rmnkxu8m8ysZg&s","Moderate","2m - 6m","2m - 4m","Dull, light grey-green stiff lanceolate leaves.","Creamy-white fluffy blossoms from strongly ribbed cap pods.","Spring (Aug - Nov)","Dry gravelly sandplains, yellow sands","High (-6°C)","Extremely High","Least Concern","WA"
"Eucalyptus erythrocorys","Red-cap Gum / Illyarrie","Eucalyptus","None Required","Sow on surface, light covering of sand. Keep damp. Place warm spot (20^\circ\text{C}). Germinates in 2\text{--}4\text{ weeks}.","Unstarted","N/A","N/A","1 packet","Iconic species, fiery scarlet caps bursting yellow flowers.","https://encrypted-tbn0.gstatic.com/images?q=tbn:ANd9GcTN2YKsELRrDscj_6Mi74Zzw6M6-oCcWH1v7w&s","Fast","3m - 8m","3m - 6m","Thick glossy dark green curved leaves, white smooth bark.","Massive bright yellow tufts from glowing red cap buds.","Autumn (Feb - Apr)","Coastal limestone sand, sandy gravels","Moderate (-3°C)","Extremely High","Least Concern","WA"
"Eucalyptus forrestiana","Fuchsia Gum","Eucalyptus","None Required","Sow fine seeds on surface. Press lightly. Keep humid and warm. Germinates in 2\text{--}4\text{ weeks}.","Unstarted","N/A","N/A","1 packet","Exquisite hanging fuchsia-like scarlet bud wings.","https://encrypted-tbn0.gstatic.com/images?q=tbn:ANd9GcRZttZ_uWO7nqO6oJIR2hFAWVQctW4i3TWSrQ&s","Moderate","2.5m - 6m","2m - 4m","Thick, lanceolate glossy green leaves, grey smooth trunk.","Delicate yellow flowers coming from square scarlet hanging winged pods.","Summer (Nov - Jan)","Rich deep clay loam, adaptable","Moderate (-4°C)","High","Least Concern","WA"
"Eucalyptus pyriformis","Pear-fruited Mallee","Eucalyptus","None Required","Surface sow on fine sand mix. Keep damp. Place warm position. Germination in 2\text{--}4\text{ weeks}.","Unstarted","N/A","N/A","1 packet","Spectacular huge ribbed pear-shaped bud caps, massive pink blooms.","https://encrypted-tbn0.gstatic.com/images?q=tbn:ANd9GcQ6u2aPwgyeQdQ7tAFJhsCQeZuRZOQ4kCLb-g&s","Moderate","1.5m - 4m","2m - 4m","Stiff, thick blue-grey ovate leaves, glaucous twigs.","Massive pink, deep red or cream-yellow tufted blossoms.","Winter (Jul - Oct)","Dry red sands, rocky sandstones","Moderate (-4°C)","High","Least Concern","WA"
"Eucalyptus youngiana","Large-fruited/Ooldea Mallee","Eucalyptus","None Required","Surface sow. Do not cover deeply. Place warm sunny spot. Germinates in 2\text{--}4\text{ weeks}.","Unstarted","N/A","N/A","1 packet","Sensational yellow-green desert blooms, extremely large ribbed pods.

Both Red and yellow flowered variety","https://encrypted-tbn0.gstatic.com/images?q=tbn:ANd9GcQD7k4CSKjCdbI30JZXhnVTRMMAI-OdiX3kqg&s","Moderate","3m - 8m","3m - 5m","Thick, leathery grey-green lanceolate leaves.","Huge yellow-green or white blossoms.","Winter (Jul - Oct)","Arid red sand dunes, skeletal rock","High (-6°C)","Extremely High","Least Concern","SA / WA"
"Eucalyptus tetraptera","Four-winged Mallee / Square-fruited Mallee","Eucalyptus","None Required","Sow seeds on surface of sandy mix. Place warm position. Keep damp. Germinates in 3\text{--}6\text{ weeks}.","Unstarted","N/A","N/A","1 packet","Bizarre square four-winged pods, massive leathery foliage.","https://static.wixstatic.com/media/36df30_cb36c516efd24717bd364ac861e4b054~mv2.jpg/v1/fill/w_480,h_412,al_c,q_80,usm_0.66_1.00_0.01,enc_avif,quality_auto/36df30_cb36c516efd24717bd364ac861e4b054~mv2.jpg","Slow","1m - 3m","1.5m - 3m","Immense, highly thick leathery dark green glossy leaves.","Crimson or rich pink tufts from giant square pods.","Winter (Jun - Aug)","Coastal white sands, granitic gravel sands","Moderate (-3°C)","High","Least Concern","WA"
"Eucalyptus stoatei","Scarlet Pear Gum / Pear Gum","Eucalyptus","None Required","Surface sow on fine peat-sand. Warm spot. Do not bury. Germinates in 2\text{--}4\text{ weeks}.","Unstarted","N/A","N/A","1 packet","Highly ornamental pear-shaped ribbed scarlet pods, yellow flowers.","https://encrypted-tbn0.gstatic.com/images?q=tbn:ANd9GcSE8SMKmaPV8b2nJ59c2iBZIpEo0UnJKl99Iw&s","Moderate","2.5m - 6m","2m - 4m","Thick dark green glossy leaves, grey smooth trunk.","Bright yellow tufts from ribbed hanging scarlet pods.","Spring (Sep - Nov)","Granite sands, clay loams, adaptability","Moderate (-4°C)","High","Least Concern","WA"
"Eucalyptus erythronema","Red-flowered Mallee","Eucalyptus","None Required","Sow fine seeds on surface. Press down lightly. Keep damp. Germination in 2\text{--}4\text{ weeks}.","Unstarted","N/A","N/A","1 packet","White powdery bark contrast, rich crimson blooms.","https://upload.wikimedia.org/wikipedia/commons/e/e8/EucstreettreeWA.jpg","Moderate","2m - 6m","2m - 4m","Narrow green lanceolate leaves, smooth powder trunk.","Vibrant bright red/crimson clusters.","Spring (Sep - Nov)","Heavy dry clays, gravelly wheatbelt loams","High (-8°C)","Extremely High","Least Concern","WA"
"Eucalyptus leucoxylon ssp. megalocarpa (red fls)","Red-flowered Yellow Gum","Eucalyptus","None Required","Surface sow on moist mix. Cover lightly sand. Warm position. Germinates in 2\text{--}4\text{ weeks}.","Unstarted","N/A","N/A","1 packet","Showy red-flowering medium gum, highly adaptable.","https://encrypted-tbn0.gstatic.com/images?q=tbn:ANd9GcTd8eCFHrD5CcQT2-DdrHjGNFwi5sLX8O1tGw&s","Fast","4m - 8m","4m - 6m","Dull blue-grey lanceolate leaves, mottled white bark.","Striking red/pink tufted masses.","Winter (Jun - Sep)","Heavy dry clay loam, limestone sands","High (-8°C)","High","Least Concern","SA / VIC"
"Eucalyptus dolichorhyncha","Fuchsia Gum Variant","Eucalyptus","None Required","Surface sow on standard seedling soil. Do not bury. Keep damp. Germination in 2\text{--}4\text{ weeks}.","Unstarted","N/A","N/A","1 packet","Bud caps have long beak-like extensions.","https://encrypted-tbn0.gstatic.com/images?q=tbn:ANd9GcQLarGcuk4hC9V7jt03l6wgySyPbcLQAYJgIw&s","Moderate","2m - 5m","2m - 4m","Lush glossy green lanceolate leaves, smooth bark.","Yellow tufted blooms from hanging red long-beaked buds.","Summer (Nov - Jan)","Sand/gravel plains over limestone","Moderate (-4°C)","High","Least Concern","WA"
"Acacia triptera","Spurwing Wattle","Acacia","Scarification (Hot Water)","Sow in sandy loam, light cover. Place in warm spot. Germinates in 3\text{--}6\text{ weeks}.","Unstarted","N/A","N/A","1 packet","Intensely prickly protective spur-like foliage, dense barrier.","https://resources.austplants.com.au/wp-content/uploads/Acacia-triptera.jpg","Moderate","1m - 3m","1.5m - 3m","Curved, sharp spur-like green phyllodes hugging stem.","Bright yellow cylindrical rods.","Spring (Aug - Nov)","Ironstone sands, skeletal gravel clay loam","High (-8°C)","High","Least Concern","NSW / QLD / VIC"
"Eucalyptus cinerea","Silver Dollar Gum / Argyle Apple","Eucalyptus","None Required","Sow on surface. Light dust of sand. Keep warm and damp. Germination in 2\text{--}4\text{ weeks}.","Unstarted","N/A","N/A","1 packet","Sensational powdery-blue round leaves. Highly popular in floristry.","https://encrypted-tbn0.gstatic.com/images?q=tbn:ANd9GcQuaH0XEykXrSRw4QunsS8e4Bi_dK7oiLMx1Q&s","Fast","6m - 15m","4m - 8m","Powdery blue-grey perfectly round opposite leaves.","Small white tufts clustered along stems.","Spring (Oct - Dec)","Alluvial tableland clays, moist gravels","High (-10°C)","Moderate","Least Concern","NSW / VIC"
"Eucalyptus youngiana (Red Fls)","Red-flowered Ooldea Mallee","Eucalyptus","None Required","Sow fine seeds on surface. Press lightly. Keep damp. Place warm spot. Germinates in 2\text{--}4\text{ weeks}.","Unstarted","N/A","N/A","1 packet","Red flower variant of youngiana, massive ribbed pods.","https://apps.lucidcentral.org/euclid/images/entities/eucalyptus_youngiana/youngiana5.jpg","Moderate","3m - 8m","3m - 5m","Thick, leathery, dull grey-green leaves.","Massive bright watermelon-red tufts.","Winter (Jul - Oct)","Dry skeletal red desert sand, dunes","High (-6°C)","Extremely High","Least Concern","SA / WA"
"Eucalyptus leucoxylon ssp. megalocarpa Yellow Cream","Yellow-flowered Yellow Gum","Eucalyptus","None Required","Surface sow on moist mix. Cover lightly. Keep warm. Germinates in 2\text{--}4\text{ weeks}.","Unstarted","N/A","N/A","1 packet","Beautiful cream-yellow flowering medium tree.","https://www.australianplantsonline.com.au/media/catalog/product/i/l/illyarrie-redcap-gum-tree.jpg?optimize=medium&fit=bounds&height=350&width=350","Fast","4m - 8m","4m - 6m","Greenish-grey lanceolate foliage, smooth white trunk.","Pale cream-yellow fluffy blossoms.","Winter (Jun - Sep)","Alluvial plain gravel loam, clays","High (-8°C)","High","Least Concern","SA / VIC"
"Eucalyptus rhodantha","Rose Mallee","Eucalyptus","None Required","Sow on surface, light covering of sand. Warm (18\text{--}22^\circ\text{C}), sunny spot. Germinates in 3\text{--}6\text{ weeks}.","Unstarted","N/A","N/A","1 packet","Highly rare/protected and spectacular heart-shaped silver leaves.","https://encrypted-tbn0.gstatic.com/images?q=tbn:ANd9GcQBZrC2fvgzU5j69WMnDnfvtgRTn4DpN6ESWg&s","Slow","1.5m - 4m","2m - 4m","Perfectly silver-blue heart-shaped leaves hugging stem.","Huge watermelon-red/rose tufts tipped gold.","Winter (Jul - Oct)","Gravelly yellow sand ridges, dry loam","Moderate (-4°C)","High","Vulnerable","WA"
"Eucalyptus erythronema var. marginata (Yellow Flowers)","Yellow-flowered Mallee","Eucalyptus","None Required","Sow fine seeds on surface. Do not bury. Keep warm. Germination in 2\text{--}4\text{ weeks}.","Unstarted","N/A","N/A","1 packet","Yellow flower variant, smooth white powdery bark.","https://encrypted-tbn0.gstatic.com/images?q=tbn:ANd9GcRzGvryeNvo-zYnTbn3fE8R1EDvw7ErZpGS4Q&s","Moderate","2m - 6m","2m - 4m","Narrow green lanceolate leaves.","Bright pale yellow-green fluffy blossoms.","Spring (Sep - Nov)","Heavy clay clays, gravelly wheatbelt loams","High (-8°C)","Extremely High","Least Concern","WA"
"Hakea multilineata","Grass-leaved Hakea","Hakea","None Required","Sow flat in sandy loam, cover seed depth. Germination in 3\text{--}8\text{ weeks}.","Unstarted","N/A","N/A","1 packet","Stunning bright pink/red column-spikes, grass-like leaves.","https://anpsa.org.au/wp-content/uploads/Hakea-multilineata-flowers-2a.jpg","Moderate","3m - 6m","2m - 4m","Long parallel-veined grass-like grey-green leaves.","Densely packed long pink/red spikes.","Spring (Aug - Oct)","Granite soils, dry limestone loams","Moderate (-5°C)","High","Least Concern","WA"
"Alyogyne huegelii","Purple Hibiscus / Lilac Hibiscus","Malvaceae","Scarification (Warm Soak)","Pour warm water, soak 12\text{ hours}. Sow in well-drained loam. Germination in 2\text{--}5\text{ weeks}.","Unstarted","N/A","N/A","1 packet","Stunning large satiny purple blooms. Rapid grower.","https://www.nativeshop.com.au/cdn/shop/files/Alyogynehuegelii_1_1024x1024@2x.jpg?v=1732756670","Fast","1.5m - 3m","1.5m - 2.5m","Lobed, crinkled deeply felted green leaves.","Large lilac-purple hibiscus-like flowers.","Spring (Sep - Nov)","Alkaline sands, coastal limestone clays","Moderate (-4°C)","High","Least Concern","WA / SA"
"Acacia notabilis","Notable Wattle / Mallee Golden Wattle","Acacia","Scarification (Hot Water)","Sow in standard raising mix. Keep warm and damp. Germination in 2\text{--}4\text{ weeks}.","Unstarted","N/A","N/A","1 packet","Very showy dense wattle, highly adaptive.","https://syzygium.xyz/saplants/Fabaceae/Acacia/Acacia_IMAGES/Acacia%20notabilis%20plant%20Eyre%20Peninsula_1076.jpg","Fast","1.5m - 3m","1.5m - 3m","Thick leathery blue-grey glaucous phyllodes.","Masses of bright gold yellow spheres.","Spring (Aug - Oct)","Dry sand sheets, alkaline calcareous plains","High (-8°C)","Extremely High","Least Concern","Inland Australia"
"Eucalyptus orbifolia","Round-leaved Mallee","Eucalyptus","None Required","Sow on surface, light covering of sand. Warm spot. Germinates in 2\text{--}4\text{ weeks}.","Unstarted","N/A","N/A","1 packet","Bizarre round silver leaves, flaking red Minni Ritchi bark.","https://www.olelantanaseeds.com.au/wp-content/uploads/2019/06/orbifolia0-e1559457362959.jpg","Moderate","2m - 5m","2m - 4m","Perfect round grey-blue glaucous leaves.","Cream or pale yellow flower tufts.","Spring (Aug - Nov)","Skeletal sands over granite domes, drainage pristine","High (-6°C)","High","Least Concern","WA"
"Acacia applanata","Grass Wattle","Acacia","Scarification (Hot Water)","Sow in highly porous sand-gritty mix. Germinates in 3\text{--}6\text{ weeks}.","Unstarted","N/A","N/A","1 packet","Highly bizarre grass-like flat winged stems, yellow spheres.","https://encrypted-tbn0.gstatic.com/images?q=tbn:ANd9GcR3Fo6c2fDT9a4FHJLWvSYuBGFaCpZNL7QYbw&s","Fast","0.3m - 1m","0.5m - 1m","Flat, winged green stems mimicking grass blades.","Vibrant yellow spheres directly from stems.","Winter (Jul - Aug)","Moist laterite gravel, shaded sites","Moderate (-4°C)","Moderate","Least Concern","WA"
"Acacia imbricata","Imbricate Wattle","Acacia","Scarification (Hot Water)","Sow in warm native loam. Keep moist. Germination in 3\text{--}6\text{ weeks}.","Planted","N/A","N/A","1 packet","Overlapping tiny scaly leaves, scented yellow globes.","https://apps.lucidcentral.org/wattle/images/entities/acacia_imbricata/dsc_29076_3.jpg","Moderate","1m - 2.5m","1-2m","Tiny scale-like leaves packed overlapping along stems.","Dense yellow spherical ball sprays.","Winter (Jul - Sep)","Gravelly plains, calcareous clay sands","High (-6°C)","High","Least Concern","SA"
"Acacia binata","Two-veined Wattle","Acacia","Scarification (Hot Water)","Sow in standard free-draining mix. Keep damp. Germinates in 3\text{--}6\text{ weeks}.","Unstarted","N/A","N/A","1 packet","Compact low spreading wattle.","https://encrypted-tbn0.gstatic.com/images?q=tbn:ANd9GcQ78OxS982j0EuA3BdHiU2RY16n--ej5M12-Q&s","Moderate","0.5m - 1.5m","1m - 2m","Short linear-oblanceolate phyllodes, two veins.","Bright yellow ball sprays.","Spring (Aug - Oct)","Mallee sands, saline sandy clay flats","High (-6°C)","High","Least Concern","WA"
"Acacia willdenowiana","Grass Wattle Variant","Acacia","Scarification (Hot Water)","Sow in standard raising mix. Keep warm and damp. Germination in 2\text{--}4\text{ weeks}.","Planted","N/A","N/A","1 packet","Bizarre flat winged stems looking like grass.","https://apps.lucidcentral.org/wattle/images/entities/acacia_willdenowiana/100_3.jpg","Fast","0.3m - 0.8m","0.5m - 1m","Distinctive flat grass-like winged green stems.","Cream to pale yellow spheres.","Winter (Jul - Sep)","Laterite gravelly clays, wet depressions","Moderate (-4°C)","Moderate","Least Concern","WA"
"Eucalyptus pimpiniana","Pimpin Mallee","Eucalyptus","None Required","Sow fine seeds on surface. Press lightly. Keep damp. Germinates in 3\text{--}6\text{ weeks}.","Unstarted","N/A","N/A","1 packet","Arid zone mallee tree, rare habitat.","https://apps.lucidcentral.org/euclid/images/entities/eucalyptus_pimpiniana/pimpiniana5.jpg","Slow","1m - 2m","1.5m - 2.5m","Thick, leathery, dull grey-green leaves.","Drooping white/cream clusters.","Winter (Jul - Oct)","Arid red dunes, calcareous sands","High (-6°C)","Extremely High","Rare","SA / WA"
"Acacia conferta","Crowded-leaf Wattle","Acacia","Scarification (Hot Water)","Sow in sandy loam, light cover. Place in warm spot. Germination in 2\text{--}4\text{ weeks}.","Unstarted","N/A","N/A","1 packet","Highly compact dense, showy wattle.","https://www.anbg.gov.au/images/photo_cd/301610241318/048_2.jpg","Fast","1.5m - 3m","1.5m - 3m","Tiny crowded linear green leaves, dense form.","Vibrant yellow spheres covering stems.","Spring (Aug - Oct)","Skeletal loam ridges, sandstone clays","High (-8°C)","High","Least Concern","QLD / NSW"
"Acacia aphylla","Leafless Wattle","Acacia","Scarification (Hot Water)","Sow in standard sandy raising mix. Keep warm and damp. Germination in 3\text{--}6\text{ weeks}.","Germinated","N/A","N/A","1 packet","Highly rare/protected and spectacular structural leafless thorny stems.","https://upload.wikimedia.org/wikipedia/commons/0/0a/Acacia_aphylla_02.jpg","Fast","1m - 2.5m","1m - 2m","Completely leafless, upright, glaucous blue-grey thorny stems.","Bright golden yellow spheres directly from blue-grey stems.","Winter (Jul - Sep)","Rocky granite clays, skeletal gravel slopes","High (-7°C)","Extremely High","Vulnerable","WA"